{
  "width": 1848,
  "height": 1016,
  "intrinsic_matrix": [
    [
      879.8818102449898,
      0.0,
      923.5
    ],
    [
      0.0,
      879.8818102449898,
      507.5
    ],
    [
      0.0,
      0.0,
      1.0
    ]
  ],
  "extrinsic": [
    [
      0.844942646948199,
      0.5338453564156361,
      -0.03287945865785808,
      -5.435794321157719
    ],
    [
      0.2602783578676888,
      -0.46410185197756604,
      -0.8466785974717281,
      0.564385225041232
    ],
    [
      -0.46725485529191735,
      0.7068370437551048,
      -0.5310878399866387,
      6.304827767578702
    ],
    [
      0.0,
      0.0,
      0.0,
      1.0
    ]
  ]
}