{
  "width": 1848,
  "height": 1016,
  "intrinsic_matrix": [
    [
      879.8818102449898,
      0.0,
      923.5
    ],
    [
      0.0,
      879.8818102449898,
      507.5
    ],
    [
      0.0,
      0.0,
      1.0
    ]
  ],
  "extrinsic": [
    [
      0.8691957101948772,
      -0.48559938065500446,
      -0.09323121197484958,
      -1.4471746151967237
    ],
    [
      -0.46860099211218675,
      -0.7487658611672007,
      -0.46878864677167115,
      5.257753310483224
    ],
    [
      0.15783512780841105,
      0.4511573191892342,
      -0.8783764260109023,
      5.769903766684382
    ],
    [
      0.0,
      0.0,
      0.0,
      1.0
    ]
  ]
}